step,elapsed_tokens,elapsed_examples,training_loss,training_sequence_accuracy,training_token_accuracy,validation_loss,validation_sequence_accuracy,validation_token_accuracy,classification/accuracy,classification/precision,classification/recall,classification/auroc,classification/auprc,classification/f1.0
1,912,16,0.37922623323224236,0.0,0.0,0.41309698381178594,0.0,0.0,,,,,,
2,1568,32,0.4883021529005778,0.0,0.0,,,,,,,,,
3,2480,48,0.28225969828438924,0.0,0.0,,,,,,,,,
4,3520,64,0.17912367116315522,0.0,0.0,,,,,,,,,
5,4432,80,0.1458773659662503,0.0,0.0,,,,,,,,,
6,5472,96,0.06228158740212507,0.6875,0.6875,,,,,,,,,
7,6256,112,0.043251030537409745,0.6875,0.6875,,,,,,,,,
8,6912,128,0.05152499382606822,0.5,0.5,,,,,,,,,
9,7568,144,0.05104880228972826,0.5625,0.5625,0.03576346569203971,0.5625,0.5625,,,,,,
10,8352,160,0.04036218405906406,0.6875,0.6875,,,,,,,,,
11,9392,176,0.03890267889577402,0.4375,0.4375,,,,,,,,,
12,10176,192,0.04229518607236248,0.75,0.75,,,,,,,,,
13,11216,208,0.03591010533896679,1.0,1.0,,,,,,,,,
14,12128,224,0.03680971813431825,0.75,0.75,,,,,,,,,
15,13296,240,0.024556028545408077,0.9375,0.9375,,,,,,,,,
16,14080,256,0.02268892760857853,1.0,1.0,,,,,,,,,
17,14992,272,0.03168829541375479,1.0,1.0,0.0275382408443433,0.9375,0.9375,,,,,,
18,15776,288,0.030031275230774857,0.8125,0.8125,,,,,,,,,
19,16688,304,0.028520143733361307,1.0,1.0,,,,,,,,,
20,17728,320,0.024440693304313754,0.9375,0.9375,,,,,,,,,
21,18512,336,0.024044459573494045,0.9375,0.9375,,,,,,,,,
22,19424,352,0.02592574322154958,1.0,1.0,,,,,,,,,
23,20336,368,0.023335944593020807,0.9375,0.9375,,,,,,,,,
24,21120,384,0.022168435856777555,1.0,1.0,,,,,,,,,
25,21904,400,0.0274219746082872,0.9375,0.9375,0.02109971307183514,1.0,1.0,,,,,,
26,22816,416,0.017969381115053695,0.9375,0.9375,,,,,,,,,
27,23728,432,0.028686717114695576,0.8125,0.8125,,,,,,,,,
28,24384,448,0.02832820343212007,0.9375,0.9375,,,,,,,,,
29,25424,464,0.01938372101282198,0.9375,0.9375,,,,,,,,,
30,26080,480,0.025521227568413452,0.9375,0.9375,,,,,,,,,
31,26864,496,0.02436803584510623,1.0,1.0,,,,,,,,,
32,27648,512,0.023543540397672588,1.0,1.0,,,,,,,,,
33,28304,528,0.02086501975575811,1.0,1.0,0.020388870240434474,1.0,1.0,,,,,,
34,29216,544,0.019451949986332696,1.0,1.0,,,,,,,,,
35,30000,560,0.021851573543550936,1.0,1.0,,,,,,,,,
36,30912,576,0.018294920684210018,1.0,1.0,,,,,,,,,
37,31696,592,0.02296039002529293,1.0,1.0,,,,,,,,,
38,32736,608,0.01966504932238536,1.0,1.0,,,,,,,,,
39,33520,624,0.02328349990018523,0.9375,0.9375,,,,,,,,,
40,34560,640,0.01928156765805511,1.0,1.0,,,,,,,,,
41,35344,656,0.023155621886558037,0.9375,0.9375,0.02090604700189791,1.0,1.0,,,,,,
42,36128,672,0.018371722310175757,0.9375,0.9375,,,,,,,,,
43,37040,688,0.019485181026451366,0.875,0.875,,,,,,,,,
44,37952,704,0.022091381065479903,1.0,1.0,,,,,,,,,
45,38864,720,0.01851808553630138,0.9375,0.9375,,,,,,,,,
46,39776,736,0.01792053147993524,1.0,1.0,,,,,,,,,
47,40560,752,0.024856563543260112,1.0,1.0,,,,,,,,,
48,41344,768,0.02719435303881634,0.9375,0.9375,,,,,,,,,
49,42256,784,0.020772648129957688,1.0,1.0,0.023774701254250435,1.0,1.0,,,,,,
50,43040,800,0.018902784103693948,1.0,1.0,,,,,,,,,
51,43952,816,0.021785144541847785,1.0,1.0,,,,,,,,,
52,44736,832,0.019731173536358712,1.0,1.0,,,,,,,,,
53,45648,848,0.017683260249415463,0.9375,0.9375,,,,,,,,,
54,46816,864,0.019305686378563933,1.0,1.0,,,,,,,,,
55,47600,880,0.02151649982666337,1.0,1.0,,,,,,,,,
56,48640,896,0.021339073072083468,1.0,1.0,,,,,,,,,
57,49552,912,0.019667779403763623,1.0,1.0,0.017762609841923096,1.0,1.0,,,,,,
58,50336,928,0.0240286609926261,0.9375,0.9375,,,,,,,,,
59,51120,944,0.020807426276395136,0.9375,0.9375,,,,,,,,,
60,52032,960,0.016881278688829944,0.9375,0.9375,,,,,,,,,
61,52944,976,0.018055983920547598,1.0,1.0,,,,,,,,,
62,53856,992,0.019006658173617068,1.0,1.0,,,,,,,,,
63,54768,1008,0.017344746596535125,1.0,1.0,,,,,,,,,
64,55552,1024,0.020475647405890713,1.0,1.0,,,,,,,,,
65,56336,1040,0.020342086963642033,1.0,1.0,0.016377052350196337,1.0,1.0,,,,,,
66,56992,1056,0.0241306002538513,1.0,1.0,,,,,,,,,
67,57904,1072,0.01894535419704555,1.0,1.0,,,,,,,,,
68,58816,1088,0.020536393311187045,0.9375,0.9375,,,,,,,,,
69,59728,1104,0.02221346802863991,1.0,1.0,,,,,,,,,
70,60512,1120,0.021387650438120243,1.0,1.0,,,,,,,,,
71,61424,1136,0.021148291856538243,1.0,1.0,,,,,,,,,
72,62208,1152,0.016875682698081013,1.0,1.0,,,,,,,,,
73,62992,1168,0.023583292629358158,1.0,1.0,0.013097334599320902,1.0,1.0,,,,,,
74,64032,1184,0.015579781873286153,0.875,0.875,,,,,,,,,
75,65072,1200,0.0163199894469426,1.0,1.0,,,,,,,,,
76,65856,1216,0.01948732477314252,1.0,1.0,,,,,,,,,
77,66512,1232,0.019796904342329072,1.0,1.0,,,,,,,,,
78,67552,1248,0.019818918245111377,0.9375,0.9375,,,,,,,,,
79,68464,1264,0.015464826303651273,1.0,1.0,,,,,,,,,
80,69248,1280,0.020080362412694893,1.0,1.0,,,,,,,,,
81,70160,1296,0.02025616331826249,1.0,1.0,0.01788454874171028,1.0,1.0,,,,,,
82,70944,1312,0.017295804723025488,1.0,1.0,,,,,,,,,
83,71984,1328,0.019169654511905776,0.875,0.875,,,,,,,,,
84,72896,1344,0.020850748170920825,0.9375,0.9375,,,,,,,,,
85,73808,1360,0.018795602986943195,0.9375,0.9375,,,,,,,,,
86,74720,1376,0.023330268234441454,0.9375,0.9375,,,,,,,,,
87,75760,1392,0.016554638963400807,1.0,1.0,,,,,,,,,
88,76928,1408,0.017347189129287573,0.8125,0.8125,,,,,,,,,
89,77968,1424,0.017520733607902912,1.0,1.0,0.02481848278183709,0.9375,0.9375,,,,,,
90,78752,1440,0.021365519570498842,1.0,1.0,,,,,,,,,
91,79664,1456,0.020302719724801525,1.0,1.0,,,,,,,,,
92,80448,1472,0.021634636624157415,0.9375,0.9375,,,,,,,,,
93,81360,1488,0.02003552980162307,1.0,1.0,,,,,,,,,
94,82144,1504,0.01821344567918042,1.0,1.0,,,,,,,,,
95,82928,1520,0.01676983377623022,0.9375,0.9375,,,,,,,,,
96,83840,1536,0.01943230720999379,1.0,1.0,,,,,,,,,
97,84624,1552,0.01910914093366121,0.9375,0.9375,0.0210007625921935,1.0,1.0,,,,,,
98,85536,1568,0.019706059037460887,1.0,1.0,,,,,,,,,
99,86448,1584,0.01676392617884825,1.0,1.0,,,,,,,,,
100,87232,1600,0.015192963349131032,1.0,1.0,,,,,,,,,
101,88016,1616,0.021318627643874304,1.0,1.0,,,,,,,,,
102,88928,1632,0.02974646553654955,0.8125,0.8125,,,,,,,,,
103,89968,1648,0.01785176343190713,1.0,1.0,,,,,,,,,
104,91008,1664,0.015356459956233264,1.0,1.0,,,,,,,,,
105,91920,1680,0.01579040616554721,1.0,1.0,0.018854506913688358,1.0,1.0,,,,,,
106,92832,1696,0.014327026380860192,1.0,1.0,,,,,,,,,
107,93744,1712,0.015968889191843638,0.9375,0.9375,,,,,,,,,
108,94528,1728,0.0206788647201059,0.875,0.875,,,,,,,,,
109,95440,1744,0.02066931726184846,1.0,1.0,,,,,,,,,
110,95968,1760,0.01740713710405771,1.0,1.0,,,,,,,,,
111,96752,1776,0.015656560611197013,1.0,1.0,,,,,,,,,
112,97664,1792,0.0182012390649522,0.9375,0.9375,,,,,,,,,
113,98576,1808,0.020088150985728657,1.0,1.0,0.0187494614377962,1.0,1.0,,,,,,
114,99360,1824,0.016339999685847036,1.0,1.0,,,,,,,,,
115,100400,1840,0.019872987938220493,1.0,1.0,,,,,,,,,
116,101568,1856,0.014136775400220862,0.9375,0.9375,,,,,,,,,
117,102352,1872,0.02181556941117359,1.0,1.0,,,,,,,,,
118,103392,1888,0.015339950639517213,1.0,1.0,,,,,,,,,
119,104176,1904,0.023490668620070963,1.0,1.0,,,,,,,,,
120,104832,1920,0.022663028922993357,0.9375,0.9375,,,,,,,,,
121,105744,1936,0.026149328992193466,0.875,0.875,0.0175959524255906,1.0,1.0,,,,,,
122,106656,1952,0.0186967047505956,1.0,1.0,,,,,,,,,
123,107568,1968,0.017433153628314487,1.0,1.0,,,,,,,,,
124,108352,1984,0.019472374286169724,1.0,1.0,,,,,,,,,
125,109264,2000,0.02430824450486268,0.9375,0.9375,,,,,,,,,
126,110048,2016,0.01809812694161413,1.0,1.0,,,,,,,,,
127,110832,2032,0.02083984502582401,0.9375,0.9375,,,,,,,,,
128,111616,2048,0.020691924131865942,0.9375,0.9375,,,,,,,,,
129,112528,2064,0.01998724378662084,1.0,1.0,0.018161307395422373,1.0,1.0,,,,,,
130,113440,2080,0.018896457612127052,1.0,1.0,,,,,,,,,
131,114096,2096,0.022869802133237957,0.9375,0.9375,,,,,,,,,
132,114752,2112,0.02538685483709105,0.875,0.875,,,,,,,,,
133,115536,2128,0.02573594551154656,1.0,1.0,,,,,,,,,
134,116448,2144,0.020446063951549798,1.0,1.0,,,,,,,,,
135,117232,2160,0.015868878628959162,0.9375,0.9375,,,,,,,,,
136,118144,2176,0.021161259186532593,1.0,1.0,,,,,,,,,
137,119056,2192,0.020413116913923335,1.0,1.0,0.02249560345297011,1.0,1.0,,,,,,
138,119840,2208,0.021311829873525503,1.0,1.0,,,,,,,,,
139,120624,2224,0.014752091058364841,1.0,1.0,,,,,,,,,
140,121664,2240,0.01653045871123787,1.0,1.0,,,,,,,,,
141,122576,2256,0.01408942279335049,1.0,1.0,,,,,,,,,
142,123232,2272,0.02498153518644858,0.875,0.875,,,,,,,,,
143,124144,2288,0.017461113144410907,1.0,1.0,,,,,,,,,
144,125184,2304,0.015751502374900212,1.0,1.0,,,,,,,,,
145,125968,2320,0.018009185785304565,1.0,1.0,0.019963179316016683,1.0,1.0,,,,,,
146,126752,2336,0.01982401711047506,1.0,1.0,,,,,,,,,
147,127536,2352,0.015661923857319,1.0,1.0,,,,,,,,,
148,128576,2368,0.015849761179948702,1.0,1.0,,,,,,,,,
149,129616,2384,0.019240912196228806,0.875,0.875,,,,,,,,,
150,130528,2400,0.018132133520959996,1.0,1.0,,,,,,,,,
151,131440,2416,0.02113823683469897,1.0,1.0,,,,,,,,,
152,132096,2432,0.022110497454193932,0.875,0.875,,,,,,,,,
153,132752,2448,0.020821623417092497,1.0,1.0,0.01714416936612892,1.0,1.0,,,,,,
154,133408,2464,0.018745342839968315,0.9375,0.9375,,,,,,,,,
155,134192,2480,0.018945639970247802,1.0,1.0,,,,,,,,,
156,135104,2496,0.018994594701231333,0.9375,0.9375,,,,,,,,,
157,135888,2512,0.019177831372561894,1.0,1.0,,,,,,,,,
158,136672,2528,0.02051242083942365,1.0,1.0,,,,,,,,,
159,137584,2544,0.02170756488067582,0.9375,0.9375,,,,,,,,,
160,138496,2560,0.016453817221372204,1.0,1.0,,,,,,,,,
161,139280,2576,0.022172530310047026,1.0,1.0,0.018967704258091578,1.0,1.0,,,,,,
162,140064,2592,0.019571904846166794,1.0,1.0,,,,,,,,,
163,141104,2608,0.01855292188590795,0.9375,0.9375,,,,,,,,,
164,142144,2624,0.01794169724526327,0.9375,0.9375,,,,,,,,,
165,142928,2640,0.019228534569973213,1.0,1.0,,,,,,,,,
166,143840,2656,0.01921225320889578,1.0,1.0,,,,,,,,,
167,144880,2672,0.0186521888836711,1.0,1.0,,,,,,,,,
168,145664,2688,0.01922395310213384,1.0,1.0,,,,,,,,,
169,146576,2704,0.014787688236400365,1.0,1.0,0.021072897881840805,1.0,1.0,,,,,,
170,147104,2720,0.02206515281984281,1.0,1.0,,,,,,,,,
171,148144,2736,0.01736490890558045,1.0,1.0,,,,,,,,,
172,148928,2752,0.02875096399240078,0.875,0.875,,,,,,,,,
173,149712,2768,0.01937260430243242,1.0,1.0,,,,,,,,,
174,150496,2784,0.017905442711409973,1.0,1.0,,,,,,,,,
175,151152,2800,0.025445958290718978,1.0,1.0,,,,,,,,,
176,152064,2816,0.0166539902170058,0.875,0.875,,,,,,,,,
177,152848,2832,0.021216121905708957,0.9375,0.9375,0.026900019399321025,1.0,1.0,,,,,,
178,153760,2848,0.022008844518524192,1.0,1.0,,,,,,,,,
179,154672,2864,0.01992731771591691,1.0,1.0,,,,,,,,,
180,155584,2880,0.017783914860354296,0.9375,0.9375,,,,,,,,,
181,156368,2896,0.020844695650914107,0.9375,0.9375,,,,,,,,,
182,157152,2912,0.017504197013028317,1.0,1.0,,,,,,,,,
183,158064,2928,0.015607614949589756,1.0,1.0,,,,,,,,,
184,158976,2944,0.017487025053953855,1.0,1.0,,,,,,,,,
185,159760,2960,0.021219683000731304,1.0,1.0,0.019387508586162474,1.0,1.0,,,,,,
186,160672,2976,0.015124468758658296,1.0,1.0,,,,,,,,,
187,161328,2992,0.021443736408654105,0.9375,0.9375,,,,,,,,,
188,162240,3008,0.015090349817580123,1.0,1.0,,,,,,,,,
189,163280,3024,0.014119719399685166,1.0,1.0,,,,,,,,,
190,164064,3040,0.018510301469348556,0.9375,0.9375,,,,,,,,,
191,164976,3056,0.01817077418389756,0.9375,0.9375,,,,,,,,,
192,165760,3072,0.019975528763364423,0.9375,0.9375,,,,,,,,,
193,166672,3088,0.01590189687493096,1.0,1.0,0.018674879976881012,1.0,1.0,,,,,,
194,167456,3104,0.020336480605908116,0.9375,0.9375,,,,,,,,,
195,167984,3120,0.02331726787928758,0.9375,0.9375,,,,,,,,,
196,168768,3136,0.017768406232990138,0.9375,0.9375,,,,,,,,,
197,169808,3152,0.019120924830228887,0.9375,0.9375,,,,,,,,,
198,170592,3168,0.02059614644791594,1.0,1.0,,,,,,,,,
199,171504,3184,0.01687570477310463,1.0,1.0,,,,,,,,,
200,172672,3200,0.0128742188781804,0.875,0.875,,,,,,,,,
201,173328,3216,0.022845275471243726,0.9375,0.9375,0.021700901444906294,1.0,1.0,,,,,,
202,174240,3232,0.018321560290066662,1.0,1.0,,,,,,,,,
203,175024,3248,0.01918453360900382,0.9375,0.9375,,,,,,,,,
204,175936,3264,0.01778285302355881,0.9375,0.9375,,,,,,,,,
205,176720,3280,0.016775744276770484,1.0,1.0,,,,,,,,,
206,177504,3296,0.017591482708184076,1.0,1.0,,,,,,,,,
207,178288,3312,0.01900348752305772,1.0,1.0,,,,,,,,,
208,179200,3328,0.01327418402668749,1.0,1.0,,,,,,,,,
209,179984,3344,0.02075385626542797,1.0,1.0,0.020654458642132265,1.0,1.0,,,,,,
210,180896,3360,0.016063426194497195,1.0,1.0,,,,,,,,,
211,181680,3376,0.018946595275004138,1.0,1.0,,,,,,,,,
212,182720,3392,0.014554513543671951,1.0,1.0,,,,,,,,,
213,183504,3408,0.017730325367590612,1.0,1.0,,,,,,,,,
214,184032,3424,0.02734589570672157,1.0,1.0,,,,,,,,,
215,184944,3440,0.018706884001110292,1.0,1.0,,,,,,,,,
216,185984,3456,0.019762219201498538,1.0,1.0,,,,,,,,,
217,186896,3472,0.016301395499052986,1.0,1.0,0.01693132599746408,1.0,1.0,,,,,,
218,187680,3488,0.01978829441614124,1.0,1.0,,,,,,,,,
219,188720,3504,0.013650259201598446,0.9375,0.9375,,,,,,,,,
220,189504,3520,0.021467361922035296,1.0,1.0,,,,,,,,,
221,190160,3536,0.022132914745022957,1.0,1.0,,,,,,,,,
222,190944,3552,0.020331579534810372,0.9375,0.9375,,,,,,,,,
223,191728,3568,0.017958731175910715,1.0,1.0,,,,,,,,,
224,192640,3584,0.018307355280971445,0.9375,0.9375,,,,,,,,,
225,193552,3600,0.018353797806694112,1.0,1.0,0.018396096150706854,1.0,1.0,,,,,,
226,194208,3616,0.017191623736860208,1.0,1.0,,,,,,,,,
227,194992,3632,0.019086879686190533,0.9375,0.9375,,,,,,,,,
228,195776,3648,0.018315751892352527,1.0,1.0,,,,,,,,,
229,196688,3664,0.018272982388357863,0.9375,0.9375,,,,,,,,,
230,197600,3680,0.019900657507949893,1.0,1.0,,,,,,,,,
231,198384,3696,0.017807571465978073,0.9375,0.9375,,,,,,,,,
232,199040,3712,0.020324215442896844,1.0,1.0,,,,,,,,,
233,199824,3728,0.019741945641592717,0.9375,0.9375,0.016881525869953576,1.0,1.0,,,,,,
234,200480,3744,0.01979378791006002,0.9375,0.9375,,,,,,,,,
235,201136,3760,0.019170757430925393,1.0,1.0,,,,,,,,,
236,202048,3776,0.020457823707367595,1.0,1.0,,,,,,,,,
237,202960,3792,0.019491003978984765,1.0,1.0,,,,,,,,,
238,204128,3808,0.019144057827811155,0.9375,0.9375,,,,,,,,,
239,204912,3824,0.018184710177780852,1.0,1.0,,,,,,,,,
240,205696,3840,0.018634119488823302,1.0,1.0,,,,,,,,,
241,206864,3856,0.01790740156344684,1.0,1.0,0.020220518321844624,1.0,1.0,,,,,,
242,207904,3872,0.012518465504607158,1.0,1.0,,,,,,,,,
243,208816,3888,0.01904716823591136,1.0,1.0,,,,,,,,,
244,209728,3904,0.020314479146942566,0.9375,0.9375,,,,,,,,,
245,210640,3920,0.019835952553617732,1.0,1.0,,,,,,,,,
246,211424,3936,0.01874038916568464,1.0,1.0,,,,,,,,,
247,212336,3952,0.015975691449863164,1.0,1.0,,,,,,,,,
248,212992,3968,0.019352200524272403,1.0,1.0,,,,,,,,,
249,213776,3984,0.019095465956746365,0.8125,0.8125,0.016848058968632423,1.0,1.0,,,,,,
250,214560,4000,0.016760866057572984,1.0,1.0,,,,,,,,,
251,215472,4016,0.013911732678142634,0.9375,0.9375,,,,,,,,,
252,216512,4032,0.01831181953717593,0.875,0.875,,,,,,,,,
253,217168,4048,0.019887262767387316,1.0,1.0,,,,,,,,,
254,218080,4064,0.019926399863749476,1.0,1.0,,,,,,,,,
255,218864,4080,0.022192924412891845,0.9375,0.9375,,,,,,,,,
256,219776,4096,0.018315129259232007,1.0,1.0,,,,,,,,,
257,220560,4112,0.017750310206135017,1.0,1.0,0.017950863194156088,1.0,1.0,,,,,,
258,221344,4128,0.019049661687338213,1.0,1.0,,,,,,,,,
259,222128,4144,0.01933972884653158,0.9375,0.9375,,,,,,,,,
260,223168,4160,0.016460201578439464,1.0,1.0,,,,,,,,,
261,224080,4176,0.018639947355062005,0.9375,0.9375,,,,,,,,,
262,224992,4192,0.01858684658911406,0.9375,0.9375,,,,,,,,,
263,225904,4208,0.016889850167493826,0.9375,0.9375,,,,,,,,,
264,226816,4224,0.020235058337286813,1.0,1.0,,,,,,,,,
265,227600,4240,0.01925865474148575,0.9375,0.9375,0.02361832157681136,1.0,1.0,,,,,,
266,228512,4256,0.020072344997294923,1.0,1.0,,,,,,,,,
267,229424,4272,0.016539956923855195,0.9375,0.9375,,,,,,,,,
268,230336,4288,0.01681054703654082,1.0,1.0,,,,,,,,,
269,231120,4304,0.020195537804299214,1.0,1.0,,,,,,,,,
270,232032,4320,0.018349165090652864,1.0,1.0,,,,,,,,,
271,233072,4336,0.01442683930769686,1.0,1.0,,,,,,,,,
272,233984,4352,0.0157000946781283,0.9375,0.9375,,,,,,,,,
273,234896,4368,0.01377038389074597,1.0,1.0,0.017643462308947498,1.0,1.0,,,,,,
274,235680,4384,0.018944316074698975,1.0,1.0,,,,,,,,,
275,236720,4400,0.015459898445346775,1.0,1.0,,,,,,,,,
276,237504,4416,0.017490819481285006,1.0,1.0,,,,,,,,,
277,238288,4432,0.019071765700647822,1.0,1.0,,,,,,,,,
278,239200,4448,0.01626892460347778,1.0,1.0,,,,,,,,,
279,239984,4464,0.018258675953219856,0.9375,0.9375,,,,,,,,,
280,240896,4480,0.022487634110440524,0.9375,0.9375,,,,,,,,,
281,241680,4496,0.014481589108185254,1.0,1.0,0.016575776000887325,0.9375,0.9375,,,,,,
282,242336,4512,0.01961541490775994,0.9375,0.9375,,,,,,,,,
283,243120,4528,0.02050214588240129,1.0,1.0,,,,,,,,,
284,243904,4544,0.021640997405301666,0.9375,0.9375,,,,,,,,,
285,244432,4560,0.01697930993030404,1.0,1.0,,,,,,,,,
286,245344,4576,0.018586284170388986,1.0,1.0,,,,,,,,,
287,246384,4592,0.014733309367224907,1.0,1.0,,,,,,,,,
288,247424,4608,0.016628148345979133,1.0,1.0,,,,,,,,,
289,248336,4624,0.018880901337613158,1.0,1.0,0.017933544335403902,1.0,1.0,,,,,,
290,248992,4640,0.01810001250749167,0.9375,0.9375,,,,,,,,,
291,250032,4656,0.016590737393153105,0.9375,0.9375,,,,,,,,,
292,250944,4672,0.017494649389736352,1.0,1.0,,,,,,,,,
293,251984,4688,0.015225842462595483,0.875,0.875,,,,,,,,,
294,252640,4704,0.021310526145128787,0.9375,0.9375,,,,,,,,,
295,253296,4720,0.020452568655719237,1.0,1.0,,,,,,,,,
296,254080,4736,0.020105437650960123,0.9375,0.9375,,,,,,,,,
297,254864,4752,0.020318236869925194,1.0,1.0,0.020593643631538774,1.0,1.0,,,,,,
298,255776,4768,0.0182839509107289,1.0,1.0,,,,,,,,,
299,256688,4784,0.017701970086026666,0.9375,0.9375,,,,,,,,,
300,257600,4800,0.01951031151658238,1.0,1.0,,,,,,,,,
301,258384,4816,0.018639483178369148,0.9375,0.9375,,,,,,,,,
302,259424,4832,0.018207520683158764,1.0,1.0,,,,,,,,,
303,260208,4848,0.018652823944562084,0.9375,0.9375,,,,,,,,,
304,260864,4864,0.01696453731605544,1.0,1.0,,,,,,,,,
305,261520,4880,0.018969019175060484,0.9375,0.9375,0.02315710009734039,1.0,1.0,,,,,,
306,262560,4896,0.013344998841525745,0.9375,0.9375,,,,,,,,,
307,263344,4912,0.020082681201787883,1.0,1.0,,,,,,,,,
308,264000,4928,0.02539976060230336,1.0,1.0,,,,,,,,,
309,264784,4944,0.019296637227022868,1.0,1.0,,,,,,,,,
310,265568,4960,0.021860926747947106,1.0,1.0,,,,,,,,,
311,266352,4976,0.01697100210180037,0.9375,0.9375,,,,,,,,,
312,267392,4992,0.019000819155894962,1.0,1.0,,,,,,,,,
313,268176,5008,0.02014226462384665,0.9375,0.9375,0.01374271393268864,1.0,1.0,,,,,,
314,269216,5024,0.015401259048987618,0.9375,0.9375,,,,,,,,,
315,270128,5040,0.017790590473082905,1.0,1.0,,,,,,,,,
316,270912,5056,0.01902397015881265,1.0,1.0,,,,,,,,,
317,271696,5072,0.019167005256301006,1.0,1.0,,,,,,,,,
318,272480,5088,0.020931378782776778,0.875,0.875,,,,,,,,,
319,273520,5104,0.018923850240318563,0.9375,0.9375,,,,,,,,,
320,274432,5120,0.016406530289034597,1.0,1.0,,,,,,,,,
321,275088,5136,0.015210399197389961,1.0,1.0,0.0220212024189002,1.0,1.0,,,,,,
322,275872,5152,0.021958379004572634,0.875,0.875,,,,,,,,,
323,276656,5168,0.02167942086435531,1.0,1.0,,,,,,,,,
324,277440,5184,0.016253872252666925,1.0,1.0,,,,,,,,,
325,278352,5200,0.01714894196053842,1.0,1.0,,,,,,,,,
326,279136,5216,0.014489994528253523,1.0,1.0,,,,,,,,,
327,279792,5232,0.020233482697953657,1.0,1.0,,,,,,,,,
328,280704,5248,0.013230889331302934,1.0,1.0,,,,,,,,,
329,281360,5264,0.017157028980939744,1.0,1.0,0.011361086308027697,1.0,1.0,,,,,,
330,282272,5280,0.017276213140879244,1.0,1.0,,,,,,,,,
331,283184,5296,0.01666461176470477,1.0,1.0,,,,,,,,,
332,284096,5312,0.01779777318421452,1.0,1.0,,,,,,,,,
333,285008,5328,0.01982372758961966,1.0,1.0,,,,,,,,,
334,285920,5344,0.02099724204985922,1.0,1.0,,,,,,,,,
335,286832,5360,0.01811864976245348,1.0,1.0,,,,,,,,,
336,287744,5376,0.020071881377583783,1.0,1.0,,,,,,,,,
337,288784,5392,0.015113550405109174,1.0,1.0,0.020015975804305045,1.0,1.0,,,,,,
338,289696,5408,0.01902081962203776,1.0,1.0,,,,,,,,,
339,290608,5424,0.016264580276282622,1.0,1.0,,,,,,,,,
340,291520,5440,0.02203318280453987,1.0,1.0,,,,,,,,,
341,292176,5456,0.01923851155144152,0.9375,0.9375,,,,,,,,,
342,293088,5472,0.01563719981814572,1.0,1.0,,,,,,,,,
343,293872,5488,0.018438206140033133,1.0,1.0,,,,,,,,,
344,294912,5504,0.016571149520544212,1.0,1.0,,,,,,,,,
345,295696,5520,0.022322649031671988,1.0,1.0,0.016174936602613616,1.0,1.0,,,,,,
346,296352,5536,0.018760940623563756,1.0,1.0,,,,,,,,,
347,297136,5552,0.022440296628833612,0.9375,0.9375,,,,,,,,,
348,298048,5568,0.017708895766461678,1.0,1.0,,,,,,,,,
349,298960,5584,0.01937965028349863,1.0,1.0,,,,,,,,,
350,299872,5600,0.021453412704536882,1.0,1.0,,,,,,,,,
351,300528,5616,0.025475357622265903,1.0,1.0,,,,,,,,,
352,301312,5632,0.019641723922794632,1.0,1.0,,,,,,,,,
353,302096,5648,0.01891392981290133,0.9375,0.9375,0.014447501834043561,1.0,1.0,,,,,,
354,302880,5664,0.01862777960812418,0.9375,0.9375,,,,,,,,,
355,303664,5680,0.018319331354569476,1.0,1.0,,,,,,,,,
356,304576,5696,0.02069328779693379,0.875,0.875,,,,,,,,,
357,305360,5712,0.02045329684981335,0.9375,0.9375,,,,,,,,,
358,306016,5728,0.020087709575847386,1.0,1.0,,,,,,,,,
359,306800,5744,0.016877598024417868,1.0,1.0,,,,,,,,,
360,307712,5760,0.016234994050864548,0.9375,0.9375,,,,,,,,,
361,308496,5776,0.01878623256757005,1.0,1.0,0.01418304977723002,1.0,1.0,,,,,,
362,309408,5792,0.016270883708593382,0.9375,0.9375,,,,,,,,,
363,310448,5808,0.015354930091793813,0.9375,0.9375,,,,,,,,,
364,311488,5824,0.013193770215096346,1.0,1.0,,,,,,,,,
365,312144,5840,0.017923493227452465,1.0,1.0,,,,,,,,,
366,312928,5856,0.017093570421686435,0.9375,0.9375,,,,,,,,,
367,313584,5872,0.022997729274892836,0.9375,0.9375,,,,,,,,,
368,314496,5888,0.018708653487613865,1.0,1.0,,,,,,,,,
369,315280,5904,0.016233114483678836,1.0,1.0,0.01848795406966457,1.0,1.0,,,,,,
370,315936,5920,0.01751435888958406,1.0,1.0,,,,,,,,,
371,316720,5936,0.0359759044842361,0.9375,0.9375,,,,,,,,,
372,317376,5952,0.023552999362366676,1.0,1.0,,,,,,,,,
373,318288,5968,0.01627666825503644,0.9375,0.9375,,,,,,,,,
374,319072,5984,0.021426447367650217,1.0,1.0,,,,,,,,,
375,319856,6000,0.01959852042291279,1.0,1.0,,,,,,,,,
376,320896,6016,0.012021182119840716,1.0,1.0,,,,,,,,,
377,321680,6032,0.0213791824182664,0.9375,0.9375,0.017375950826604813,1.0,1.0,,,,,,
378,322464,6048,0.01871032446512032,1.0,1.0,,,,,,,,,
379,323376,6064,0.015007372288936411,1.0,1.0,,,,,,,,,
380,324288,6080,0.016076786749621673,0.9375,0.9375,,,,,,,,,
381,325072,6096,0.013825525418184792,1.0,1.0,,,,,,,,,
382,325984,6112,0.01926383949012327,1.0,1.0,,,,,,,,,
383,326768,6128,0.02101304727449761,0.9375,0.9375,,,,,,,,,
384,327680,6144,0.01680913440350007,1.0,1.0,,,,,,,,,
385,328592,6160,0.013733214700233988,1.0,1.0,0.01727656873226396,1.0,1.0,,,,,,
386,329376,6176,0.015164595153768183,1.0,1.0,,,,,,,,,
387,330160,6192,0.02112820425654628,1.0,1.0,,,,,,,,,
388,330944,6208,0.022153292297217034,1.0,1.0,,,,,,,,,
389,331728,6224,0.01970347873153339,1.0,1.0,,,,,,,,,
390,332384,6240,0.022055392970979595,0.9375,0.9375,,,,,,,,,
391,333296,6256,0.017504027805254865,1.0,1.0,,,,,,,,,
392,334336,6272,0.018715379641261513,1.0,1.0,,,,,,,,,
393,335376,6288,0.014422693436131553,0.9375,0.9375,0.017184079220795352,1.0,1.0,,,,,,
394,336160,6304,0.020425080817372626,1.0,1.0,,,,,,,,,
395,337072,6320,0.019488733954245767,0.9375,0.9375,,,,,,,,,
396,338112,6336,0.01535484095484783,1.0,1.0,,,,,,,,,
397,338768,6352,0.02063412458095712,0.9375,0.9375,,,,,,,,,
398,339680,6368,0.02114180942877084,1.0,1.0,,,,,,,,,
399,340464,6384,0.020889829731849403,1.0,1.0,,,,,,,,,
400,341248,6400,0.02100050807979673,0.9375,0.9375,,,,,,,,,
401,342288,6416,0.016088874351854444,0.9375,0.9375,0.01584331741723648,1.0,1.0,,,,,,
402,343072,6432,0.017779137136575734,0.9375,0.9375,,,,,,,,,
403,343984,6448,0.015832940387560817,1.0,1.0,,,,,,,,,
404,344896,6464,0.020729931591465914,0.9375,0.9375,,,,,,,,,
405,345936,6480,0.013384884639584057,1.0,1.0,,,,,,,,,
406,346720,6496,0.01586935301009883,1.0,1.0,,,,,,,,,
407,347504,6512,0.019814882220288106,0.9375,0.9375,,,,,,,,,
408,348288,6528,0.02599738743659932,1.0,1.0,,,,,,,,,
409,349328,6544,0.016888390566062055,1.0,1.0,0.019790778200886858,1.0,1.0,,,,,,
410,350240,6560,0.01761443952437446,1.0,1.0,,,,,,,,,
411,351152,6576,0.013201206052564692,0.875,0.875,,,,,,,,,
412,351936,6592,0.020098950254132813,1.0,1.0,,,,,,,,,
413,352720,6608,0.02322327683078053,1.0,1.0,,,,,,,,,
414,353504,6624,0.01642043118471932,0.875,0.875,,,,,,,,,
415,354288,6640,0.019750535006242652,1.0,1.0,,,,,,,,,
416,355200,6656,0.01977998611710096,1.0,1.0,,,,,,,,,
417,356112,6672,0.017972366671330512,0.9375,0.9375,0.015531044676627439,1.0,1.0,,,,,,
418,357152,6688,0.017862739961406682,1.0,1.0,,,,,,,,,
419,358064,6704,0.019976296118223085,1.0,1.0,,,,,,,,,
420,359232,6720,0.011719986542095455,0.9375,0.9375,,,,,,,,,
421,360272,6736,0.01617877022075987,1.0,1.0,,,,,,,,,
422,361056,6752,0.01904771374649589,1.0,1.0,,,,,,,,,
423,361968,6768,0.019952089952486544,1.0,1.0,,,,,,,,,
424,362752,6784,0.019015752004610153,1.0,1.0,,,,,,,,,
425,363792,6800,0.018214761020478143,1.0,1.0,0.016364440149691968,1.0,1.0,,,,,,
426,364576,6816,0.016221126819187647,0.875,0.875,,,,,,,,,
427,365488,6832,0.017135395908716638,0.9375,0.9375,,,,,,,,,
428,366528,6848,0.013656421944879078,1.0,1.0,,,,,,,,,
429,367440,6864,0.011102888118426912,1.0,1.0,,,,,,,,,
430,368352,6880,0.019788895826988145,1.0,1.0,,,,,,,,,
431,369136,6896,0.02066521170212899,1.0,1.0,,,,,,,,,
432,370048,6912,0.021517595999892922,0.9375,0.9375,,,,,,,,,
433,370832,6928,0.018682489018330938,1.0,1.0,0.02462286703532192,1.0,1.0,,,,,,
434,371488,6944,0.01878692864823671,1.0,1.0,,,,,,,,,
435,372400,6960,0.020502794777354925,1.0,1.0,,,,,,,,,
436,373184,6976,0.022376930244202103,1.0,1.0,,,,,,,,,
437,373840,6992,0.019293446840920808,1.0,1.0,,,,,,,,,
438,374624,7008,0.018554810435776874,0.9375,0.9375,,,,,,,,,
439,375536,7024,0.01582806791627474,1.0,1.0,,,,,,,,,
440,376448,7040,0.01790458208177715,1.0,1.0,,,,,,,,,
441,377232,7056,0.01863285708806022,1.0,1.0,0.01622905669644861,1.0,1.0,,,,,,
442,378016,7072,0.018511836627198998,1.0,1.0,,,,,,,,,
443,378800,7088,0.0190306608088243,0.9375,0.9375,,,,,,,,,
444,379584,7104,0.021334524689615036,1.0,1.0,,,,,,,,,
445,380496,7120,0.0203469268275919,1.0,1.0,,,,,,,,,
446,381280,7136,0.02266773494942458,1.0,1.0,,,,,,,,,
447,382064,7152,0.018948364297288977,1.0,1.0,,,,,,,,,
448,383104,7168,0.013976774721796233,1.0,1.0,,,,,,,,,
449,384016,7184,0.020297897394504254,1.0,1.0,0.02118352644940984,1.0,1.0,,,,,,
450,384928,7200,0.018924420706527466,1.0,1.0,,,,,,,,,
451,385840,7216,0.015845335425143946,1.0,1.0,,,,,,,,,
452,386752,7232,0.015151950919280191,1.0,1.0,,,,,,,,,
453,387664,7248,0.018971042229294587,1.0,1.0,,,,,,,,,
454,388448,7264,0.017160507817297815,0.9375,0.9375,,,,,,,,,
455,389360,7280,0.019178330180679548,1.0,1.0,,,,,,,,,
456,390272,7296,0.018674049584025857,0.9375,0.9375,,,,,,,,,
457,390928,7312,0.019946051555938597,1.0,1.0,0.016581382685514873,1.0,1.0,,,,,,
458,391840,7328,0.018270312731187018,1.0,1.0,,,,,,,,,
459,392752,7344,0.015854552497694466,1.0,1.0,,,,,,,,,
460,393664,7360,0.01622783578441483,1.0,1.0,,,,,,,,,
461,394448,7376,0.02173745760686302,1.0,1.0,,,,,,,,,
462,395360,7392,0.018640033085384897,0.875,0.875,,,,,,,,,
463,396272,7408,0.017246202120998203,1.0,1.0,,,,,,,,,
464,397184,7424,0.015753317658850758,1.0,1.0,,,,,,,,,
465,397840,7440,0.019046478770459487,1.0,1.0,0.01849723514722247,1.0,1.0,,,,,,
466,398496,7456,0.01733595350270079,1.0,1.0,,,,,,,,,
467,399280,7472,0.019882035573375322,1.0,1.0,,,,,,,,,
468,399936,7488,0.018489665111190278,0.9375,0.9375,,,,,,,,,
469,400720,7504,0.017204659203782457,1.0,1.0,,,,,,,,,
470,401760,7520,0.013986108568802287,1.0,1.0,,,,,,,,,
471,402800,7536,0.016734229067197185,0.9375,0.9375,,,,,,,,,
472,403840,7552,0.015925004538656008,0.9375,0.9375,,,,,,,,,
473,404752,7568,0.016755302309268732,1.0,1.0,0.01844782970982924,1.0,1.0,,,,,,
474,405408,7584,0.01975487190122322,1.0,1.0,,,,,,,,,
475,406192,7600,0.02005264113170019,0.9375,0.9375,,,,,,,,,
476,407104,7616,0.014983416509186163,1.0,1.0,,,,,,,,,
477,408144,7632,0.016006884254459168,1.0,1.0,,,,,,,,,
478,409056,7648,0.01874426576138518,1.0,1.0,,,,,,,,,
479,410096,7664,0.017883373471356715,1.0,1.0,,,,,,,,,
480,411008,7680,0.017727079067106806,1.0,1.0,,,,,,,,,
481,411792,7696,0.016539669975936845,1.0,1.0,0.020547637882140084,1.0,1.0,,,,,,
482,412704,7712,0.015425925237434227,0.9375,0.9375,,,,,,,,,
483,413360,7728,0.01895647190514012,1.0,1.0,,,,,,,,,
484,414272,7744,0.020658000780830802,1.0,1.0,,,,,,,,,
485,415184,7760,0.015026546051370326,1.0,1.0,,,,,,,,,
486,416224,7776,0.018635799697007693,1.0,1.0,,,,,,,,,
487,417008,7792,0.017874405768924267,1.0,1.0,,,,,,,,,
488,417792,7808,0.017867374902072106,1.0,1.0,,,,,,,,,
489,418576,7824,0.01811266278988616,0.9375,0.9375,0.02211471305212645,1.0,1.0,,,,,,
490,419360,7840,0.020213897652461506,0.9375,0.9375,,,,,,,,,
491,420144,7856,0.018209971348757535,1.0,1.0,,,,,,,,,
492,420800,7872,0.026568194920824396,1.0,1.0,,,,,,,,,
493,421456,7888,0.018907756229883037,1.0,1.0,,,,,,,,,
494,422624,7904,0.015242701541080865,1.0,1.0,,,,,,,,,
495,423408,7920,0.017311937648560115,1.0,1.0,,,,,,,,,
496,424448,7936,0.014308086042765462,1.0,1.0,,,,,,,,,
497,425232,7952,0.020092750521327887,1.0,1.0,0.019415563241162677,1.0,1.0,,,,,,
498,426144,7968,0.016586457673845985,0.9375,0.9375,,,,,,,,,
499,427184,7984,0.018260255016759645,1.0,1.0,,,,,,,,,
500,427968,8000,0.020162932093205417,0.875,0.875,,,,,,,,,
501,428752,8016,0.022478814040009218,1.0,1.0,,,,,,,,,
502,429536,8032,0.018395108219543772,0.9375,0.9375,,,,,,,,,
503,430448,8048,0.018155506214341068,1.0,1.0,,,,,,,,,
504,431232,8064,0.019537324565532404,1.0,1.0,,,,,,,,,
505,432144,8080,0.01722952165398352,1.0,1.0,0.01981797337578846,1.0,1.0,,,,,,
506,433056,8096,0.015606331604436433,1.0,1.0,,,,,,,,,
507,433712,8112,0.022172559843072006,1.0,1.0,,,,,,,,,
508,434496,8128,0.023619562374745065,1.0,1.0,,,,,,,,,
509,435536,8144,0.014684989066324513,1.0,1.0,,,,,,,,,
510,436448,8160,0.014725599841813649,1.0,1.0,,,,,,,,,
511,437232,8176,0.021665772469302694,1.0,1.0,,,,,,,,,
512,438144,8192,0.014817805137725041,1.0,1.0,,,,,,,,,
513,439056,8208,0.017250695194838142,1.0,1.0,0.019787750310226355,1.0,1.0,,,,,,
514,439712,8224,0.023362564992395734,1.0,1.0,,,,,,,,,
515,440496,8240,0.02013100129408135,1.0,1.0,,,,,,,,,
516,441280,8256,0.01836789054896838,1.0,1.0,,,,,,,,,
517,442320,8272,0.010882559421242064,1.0,1.0,,,,,,,,,
518,443360,8288,0.013924366536478487,1.0,1.0,,,,,,,,,
519,444272,8304,0.018027302080235025,1.0,1.0,,,,,,,,,
520,445184,8320,0.01365104593072764,1.0,1.0,,,,,,,,,
521,446224,8336,0.016060682567168562,1.0,1.0,0.018917921255776095,1.0,1.0,,,,,,
522,447008,8352,0.019514233815307022,0.9375,0.9375,,,,,,,,,
523,447664,8368,0.02103532175596331,1.0,1.0,,,,,,,,,
524,448576,8384,0.012609117417011565,1.0,1.0,,,,,,,,,
525,449360,8400,0.017924758815823384,1.0,1.0,,,,,,,,,
526,450400,8416,0.013155021896917632,1.0,1.0,,,,,,,,,
527,451312,8432,0.01566207243813738,1.0,1.0,,,,,,,,,
528,452352,8448,0.01477651647691527,1.0,1.0,,,,,,,,,
529,453392,8464,0.016717044008682083,1.0,1.0,0.01745429505170027,1.0,1.0,,,,,,
530,454432,8480,0.01606527855289663,1.0,1.0,,,,,,,,,
531,455216,8496,0.022096178703665526,1.0,1.0,,,,,,,,,
532,456000,8512,0.017467908686235725,1.0,1.0,,,,,,,,,
533,456912,8528,0.01738759020508216,1.0,1.0,,,,,,,,,
534,458080,8544,0.015279983269856103,0.9375,0.9375,,,,,,,,,
535,459248,8560,0.01433115944628851,1.0,1.0,,,,,,,,,
536,460160,8576,0.0174469833784661,1.0,1.0,,,,,,,,,
537,461328,8592,0.015869662197949344,0.875,0.875,0.02179554965673139,1.0,1.0,,,,,,
538,461984,8608,0.02326587980732069,0.875,0.875,,,,,,,,,
539,462896,8624,0.014687755865277105,1.0,1.0,,,,,,,,,
540,463552,8640,0.020474404378920154,1.0,1.0,,,,,,,,,
541,464464,8656,0.013787691149788941,1.0,1.0,,,,,,,,,
542,465248,8672,0.015857879243387694,1.0,1.0,,,,,,,,,
543,466160,8688,0.017982538794665128,1.0,1.0,,,,,,,,,
544,466944,8704,0.019359583471782193,0.9375,0.9375,,,,,,,,,
545,467728,8720,0.01976627196264393,1.0,1.0,0.016521821503277263,1.0,1.0,,,,,,
546,468640,8736,0.019034421886594745,1.0,1.0,,,,,,,,,
547,469424,8752,0.01737110124610505,1.0,1.0,,,,,,,,,
548,470336,8768,0.016774659253910737,1.0,1.0,,,,,,,,,
549,471248,8784,0.017262982968330544,0.9375,0.9375,,,,,,,,,
550,472160,8800,0.018231701679092962,0.9375,0.9375,,,,,,,,,
551,473072,8816,0.015460772399577495,0.9375,0.9375,,,,,,,,,
552,473856,8832,0.020350538606318008,1.0,1.0,,,,,,,,,
553,474768,8848,0.018707397226385425,1.0,1.0,0.016361570530759317,1.0,1.0,,,,,,
554,475808,8864,0.013644347022706178,1.0,1.0,,,,,,,,,
555,476464,8880,0.022995939696006308,1.0,1.0,,,,,,,,,
556,477376,8896,0.016834583003049772,1.0,1.0,,,,,,,,,
557,478544,8912,0.01502504914717204,1.0,1.0,,,,,,,,,
558,479200,8928,0.022970051235250307,1.0,1.0,,,,,,,,,
559,480112,8944,0.01752292027167268,1.0,1.0,,,,,,,,,
560,481152,8960,0.01496257896833882,1.0,1.0,,,,,,,,,
561,482064,8976,0.015104837482449474,1.0,1.0,0.02201831695091381,1.0,1.0,,,,,,
562,482976,8992,0.014831163526474468,0.9375,0.9375,,,,,,,,,
563,483888,9008,0.017894441312396623,0.9375,0.9375,,,,,,,,,
564,484672,9024,0.017855810631936083,1.0,1.0,,,,1.0,1.0,1.0,0.9999999999999999,1.0,1.0

